player_id,n,xcross,xcrossot,actual,xcross_se,execution,over_expected,xcross_ci_low,xcross_ci_high,nickname,position_group
1688,22,0.4067967335643879,0.5045480330156674,0.4090909090909091,0.01025419109099224,0.09775129945127953,0.002294175526521225,0.3866985190260431,0.4268949481027327,Martin Ödegaard,CM
1940,33,0.4065066151890283,0.3776036315010196,0.36363636363636365,0.006758486592993655,-0.0289029836880087,-0.04287025155266466,0.3932599814667607,0.4197532489112959,Eberechi Eze,LW
265,30,0.40339850412708034,0.5096002553522081,0.36666666666666664,0.00789067325993428,0.10620175122512776,-0.0367318374604137,0.38793278453760915,0.4188642237165515,Declan Rice,CM
502,36,0.39298531406181825,0.4477086433350517,0.5555555555555556,0.009866182941086864,0.05472332927323348,0.16257024149373733,0.373647595497288,0.4123230326263485,Dwight McNeil,RW
215,26,0.3924219762651772,0.3974629218162868,0.3076923076923077,0.010736425335690115,0.005040945551109566,-0.08472966857286951,0.3713785826072246,0.4134653699231298,Youri Tielemans,CM
5074,66,0.3922236571716005,0.36448385044781334,0.25757575757575757,0.006173634364269932,-0.027739806723787175,-0.13464789959584295,0.38012333381763147,0.40432398052556956,Bryan Mbeumo,RW
18594,24,0.3916644069720103,0.3639219267718778,0.4583333333333333,0.010227062812376488,-0.027742480200132535,0.06666892636132299,0.3716193638597524,0.41170945008426824,Guilherme,CM
133,51,0.3892399169951109,0.36631432413861503,0.35294117647058826,0.007543394097198973,-0.02292559285649587,-0.036298740524522644,0.3744548645646009,0.4040249694256209,Bruno Fernandes,AM
6982,34,0.38548708795964065,0.4434792677671914,0.5,0.010681302862662513,0.057992179807550726,0.11451291204035935,0.36455173434882215,0.40642244157045915,Marcus Tavernier,RW
13930,27,0.3851178498188264,0.4011245181273274,0.25925925925925924,0.0126366522872339,0.016006668308501004,-0.12585859055956716,0.360350011335848,0.40988568830180483,Giorgian De Arrascaeta,AM
596,37,0.38224295846856426,0.3640122135933919,0.3783783783783784,0.007650566210813483,-0.018230744875172344,-0.003864580090185865,0.36724784869536986,0.39723806824175867,Cole Palmer,AM
1377,20,0.3819452871439085,0.4147777361463617,0.25,0.01093092016917398,0.03283244900245319,-0.13194528714390852,0.36052068361232753,0.4033698906754895,Kieran Trippier,RB
11844,26,0.38152208471372,0.38069898839563543,0.4230769230769231,0.007805729570265407,-0.0008230963180845818,0.04155483836320306,0.3662228547559998,0.3968213146714402,Mateus Fernandes,AM
21,21,0.38081505927431597,0.5028687790917231,0.47619047619047616,0.008163252802811827,0.12205371981740715,0.0953754169161602,0.3648150837808048,0.39681503476782715,Phil Foden,RM
42,46,0.3806259036836067,0.403813453328036,0.41304347826086957,0.008182189727111343,0.02318754964442926,0.03241757457726285,0.3645888118184685,0.39666299554874496,Trent Alexander-Arnold,RB
2003,42,0.3800349064416074,0.3422170159310682,0.2619047619047619,0.009237164682045836,-0.03781789051053924,-0.1181301445368455,0.3619300636647976,0.39813974921841727,Leif Davis,LWB
163,28,0.379862098375859,0.34699134212517846,0.5357142857142857,0.008608088821763319,-0.03287075625068053,0.1558521873384267,0.3629902442852029,0.3967339524665151,Bukayo Saka,RW
16017,36,0.379372045472026,0.4889594112643473,0.5833333333333334,0.006670861987453008,0.10958736579232126,0.20396128786130735,0.3662971559766181,0.39244693496743394,Fagner,RB
12779,53,0.3781844308163636,0.3927097831347251,0.33962264150943394,0.0055702394154817795,0.014525352318361495,-0.03856178930692966,0.3672667615620193,0.3891021000707079,Mikkel Damsgaard,AM
7398,26,0.37651048007719196,0.42566896144190236,0.2692307692307692,0.00864124166089412,0.049158481364710405,-0.10727971084642274,0.3595736464218395,0.39344731373254443,Ryan Manning,LB
588,49,0.37615449721645605,0.4076862282648295,0.3877551020408163,0.008862345334027856,0.031531731048373424,0.011600604824360261,0.35878430036176145,0.39352469407115065,Anthony Gordon,LW
7070,27,0.37573171116633497,0.39461059596080583,0.25925925925925924,0.01115833721234054,0.018878884794470863,-0.11647245190707572,0.3538613702301475,0.3976020521025224,Lewis Hall,LB
3893,24,0.37462877922954246,0.37307279587074765,0.4166666666666667,0.009189480390848747,-0.0015559833587948102,0.04203788743712422,0.35661739766347894,0.392640160795606,Jean Lucas,CM
15810,20,0.37406869490014455,0.3259823843165903,0.3,0.008894592838171721,-0.048086310583554226,-0.07406869490014456,0.356635292937328,0.3915020968629611,Calebe,CM
11856,21,0.3739399456826658,0.48347067739954225,0.6666666666666666,0.009151931638417075,0.10953073171687644,0.2927267209840008,0.35600215967136833,0.3918777316939633,Enzo Fernandez,CM
296,39,0.3735945820030677,0.37030616980529085,0.358974358974359,0.00727785016366288,-0.0032884121977768688,-0.014620223028708745,0.35932999568228846,0.387859168323847,Lewis Cook,CM
18027,38,0.37265230481185946,0.3490200158529908,0.2631578947368421,0.0072216255384814155,-0.023632288958868652,-0.10949441007501737,0.3584979187564359,0.38680669086728303,Lucas Evangelista,CM
1906,24,0.37194995220762705,0.3703240935169476,0.375,0.010741411792594453,-0.0016258586906794381,0.003050047792372945,0.3508967850941419,0.3930031193211122,Marcal,LB
4737,25,0.3715713585830175,0.3369481210466333,0.32,0.009751313179218058,-0.03462323753638419,-0.05157135858301748,0.3524587847517501,0.3906839324142849,Jesper Lindström,RW
16558,49,0.37052362857095916,0.37497949660698265,0.3877551020408163,0.005170752164682363,0.0044558680360234915,0.01723147346985715,0.36038895432818174,0.3806583028137366,Raphael Veiga,AM
22047,27,0.3704974180136322,0.31284533896717265,0.37037037037037035,0.006433339769645968,-0.057652079046459526,-0.00012704764326182394,0.3578880720651261,0.3831067639621383,Yankuba Minteh,RW
304,21,0.36878648754514237,0.33347980309339026,0.38095238095238093,0.010656904683933556,-0.03530668445175211,0.01216589340723856,0.3478989543646326,0.38967402072565216,David Brooks,RW
1406,41,0.368721715436877,0.49905316778644265,0.4146341463414634,0.0073793021055630625,0.13033145234956567,0.04591243090458641,0.3542582833099734,0.3831851475637806,Pervis Estupinan,LB
5046,24,0.3672382825218514,0.36209097605235185,0.4583333333333333,0.0058617861624241764,-0.0051473064694995685,0.09109505081148189,0.35574918164350006,0.3787273834002028,Ashley Young,LB
16557,45,0.36652483711048406,0.37302745207461524,0.4222222222222222,0.0058781881855151106,0.0065026149641311815,0.05569738511173816,0.35500358826687445,0.37804608595409367,Joaquín Piquerez,LB
18082,21,0.3656157563029303,0.26462241383410856,0.3333333333333333,0.007530493134303753,-0.10099334246882175,-0.03228242296959699,0.35085598975969495,0.38037552284616566,Hugo,LB
7373,35,0.36541643653259537,0.45915549001697337,0.5428571428571428,0.006220705089507548,0.093739053484378,0.17744070632454745,0.3532238545571606,0.37760901850803014,Omari Hutchinson,RM
134,28,0.3653805459402882,0.40487801103922566,0.2857142857142857,0.008648163572448546,0.03949746509893748,-0.07966626022600248,0.34843014533828903,0.38233094654228733,Andreas Pereira,CM
2353,22,0.3649937732340545,0.3736501015566778,0.4090909090909091,0.012054180417838994,0.008656328322623308,0.0440971358568546,0.34136757961509007,0.38861996685301897,Marcelino Moreno,CF
8074,66,0.36448889645941496,0.412517973664397,0.4090909090909091,0.005313712765560116,0.04802907720498206,0.04460201263149416,0.35407401943891714,0.37490377347991277,Pedro Porro,RB
17989,35,0.36263026247615254,0.3331098166258486,0.2571428571428571,0.007781696774962483,-0.029520445850303945,-0.10548740533329543,0.34737813679722607,0.377882388155079,Sander,LB
18081,20,0.36122292555934493,0.4513293823630479,0.4,0.011624128920932624,0.090106456803703,0.03877707444065509,0.338439632874317,0.38400621824437287,Lucas Lima,CF
22,39,0.3611275806662803,0.30060700154226677,0.28205128205128205,0.006774612485371006,-0.06052057912401354,-0.07907629861499826,0.3478493401949531,0.3744058211376075,Kevin De Bruyne,CM
18088,26,0.3607785997122193,0.34272742222861213,0.34615384615384615,0.010408483623622454,-0.018051177483607184,-0.014624753558373171,0.3403779718099193,0.38117922761451933,Artur,RW
18028,26,0.35975743284610107,0.32650650899796724,0.23076923076923078,0.00795911640195595,-0.03325092384813383,-0.12898820207687028,0.3441575646982674,0.3753573009939347,Helinho,RW
41,35,0.3592123241681295,0.37201640831671356,0.42857142857142855,0.007661873368913897,0.012804084148584083,0.06935910440329907,0.34419505236505826,0.3742295959712007,Andrew Robertson,LB
11094,34,0.35920017639096863,0.40952019072282264,0.35294117647058826,0.005505532474542265,0.05032001433185401,-0.00625899992038037,0.3484093327408658,0.3699910200410715,Cody Gakpo,LW
16015,36,0.3591447438701683,0.4032758629080511,0.3611111111111111,0.008676347384506596,0.044131119037882804,0.00196636724094279,0.3421391029965354,0.37615038474380125,Matheus Bidu,LB
251,52,0.3588443737350933,0.44370570325601183,0.46153846153846156,0.0058244576087348125,0.08486132952091852,0.10269408780336825,0.3474284368219731,0.3702603106482135,Pedro Neto,RW
18579,30,0.3584816689490156,0.34044488882560064,0.3,0.00865372693580906,-0.018036780123414975,-0.05848166894901563,0.3415203641548299,0.37544297374320135,Bruno Rodrigues,LW
4850,45,0.3584544620714863,0.29542978866210945,0.37777777777777777,0.009096483496904234,-0.06302467340937684,0.019323315706291477,0.340625354417554,0.3762835697254186,Matheus Cunha,LW
7023,37,0.358429613590908,0.4028221765925169,0.43243243243243246,0.006918171729011869,0.044392563001608876,0.07400281884152443,0.34486999700204474,0.3719892301797713,Keane Lewis-Potter,LB
7072,46,0.3575195572383248,0.3937625649482525,0.391304347826087,0.007177739198798556,0.03624300770992772,0.03378479058776218,0.3434511884086796,0.37158792606797,Vitaliy Mykolenko,LB
176,41,0.35741222913606685,0.4304083868232166,0.4146341463414634,0.008129145877672104,0.07299615768714973,0.057221917205396544,0.3414791032158295,0.3733453550563042,Lucas Digne,LB
17912,22,0.3560932790338835,0.35791702007271525,0.6363636363636364,0.009574306577966945,0.001823741038831761,0.28027035732975286,0.33732763814106825,0.37485891992669873,Emmanuel Martínez,CM
15632,33,0.35590526552909496,0.3932259009947942,0.3939393939393939,0.00706799196739962,0.03732063546569925,0.03803412841029896,0.34205200127299173,0.3697585297851982,Victor Kristiansen,LB
4047,29,0.35484892302923354,0.336419142361018,0.27586206896551724,0.009172296450128235,-0.018429780668215545,-0.0789868540637163,0.3368712219869822,0.37282662407148487,Justin Kluivert,AM
18548,21,0.3548068370949478,0.2844398791554766,0.23809523809523808,0.009240758461494117,-0.07036695793947123,-0.11671159899970973,0.33669495051041937,0.37291872367947626,Denilson,CM
27,24,0.3544720796684256,0.3870196236904944,0.2916666666666667,0.007091561911769955,0.03254754402206883,-0.0628054130017589,0.3405726183213565,0.3683715410154947,Bernardo Silva,CM
18472,31,0.35331557979553413,0.3382207167151699,0.3548387096774194,0.008621995850477324,-0.01509486308036423,0.0015231298818852435,0.3364164679285986,0.3702146916624697,Reinaldo,LB
162,33,0.35259754216745565,0.35795934635140697,0.2727272727272727,0.007339392495811138,0.005361804183951324,-0.07987026944018294,0.3382123328756658,0.36698275145924547,Gabriel Martinelli,LW
16550,54,0.35235953935819386,0.29165016114391623,0.3888888888888889,0.005140045590509023,-0.06070937821427763,0.03652934953069503,0.3422850500007962,0.36243402871559155,Mayke,RB
219,21,0.35218408270813695,0.32535207738877503,0.38095238095238093,0.007818879157826338,-0.026832005319361918,0.028768298244243984,0.33685907955879735,0.36750908585747655,Harvey Barnes,LW
16148,41,0.3514476207635779,0.3610584587064638,0.3170731707317073,0.007220085890247908,0.00961083794288592,-0.03437445003187056,0.337296252418692,0.3655989891084638,Jhon Arias,AM
94,22,0.351074414232059,0.336171668454655,0.5454545454545454,0.014066807527398844,-0.01490274577740397,0.19438013122248643,0.32350347147835723,0.37864535698576074,Emerson,LB
2015,38,0.35059121256016007,0.31513009948729853,0.39473684210526316,0.009553207447947163,-0.03546111307286154,0.04414562954510309,0.33186692596218365,0.3693154991581365,Jack Harrison,RW
3112,51,0.3501757544303702,0.2911930109352798,0.3333333333333333,0.007429203979292078,-0.05898274349509042,-0.016842421097036875,0.3356145146309577,0.3647369942297827,Anthony Elanga,RW
581,43,0.3497864062061386,0.3304518328374042,0.2558139534883721,0.005457708358628222,-0.019334573368734398,-0.0939724527177665,0.3390892978232273,0.3604835145890499,Tyrick Mitchell,LWB
8079,20,0.3490722620672528,0.3694804201131941,0.35,0.0066393824607041295,0.020408158045941316,0.0009277379327471968,0.3360590724442727,0.3620854516902329,Matheus Nunes,CM
19938,38,0.34884550695040806,0.37199124853202814,0.34210526315789475,0.006026585469718041,0.023145741581620083,-0.006740243792513312,0.3370333994297607,0.36065761447105543,Daniel Muñoz,RWB
2072,28,0.3485412361990757,0.36232615884707897,0.4642857142857143,0.008494908176107846,0.013784922648003295,0.11574447808663862,0.3318912161739043,0.36519125622424703,Rayan Ait Nouri,LCB
250,42,0.34798678632977925,0.3798878221454575,0.5238095238095238,0.004156849660180621,0.03190103581567827,0.17582273747974458,0.33983936099582523,0.35613421166373327,Adama Traoré,RW
191,50,0.3477230371289213,0.4300559541244664,0.34,0.00495296632142798,0.08233291699554512,-0.007723037128921251,0.33801522313892246,0.3574308511189201,Alex Iwobi,RW
12963,53,0.347339903072867,0.3423926932845984,0.3584905660377358,0.007366443687493726,-0.0049472097882685695,0.01115066296486883,0.3329016734453793,0.3617781327003547,Marlon,LB
14526,25,0.3472790404354196,0.45078357358871046,0.56,0.00858673498823931,0.10350453315329089,0.21272095956458048,0.3304490398584705,0.36410904101236863,Leonel Di Placido,RB
2053,23,0.3468008093944776,0.21576183721891076,0.391304347826087,0.007584424885761879,-0.13103897217556684,0.04450353843160937,0.3319353366183843,0.3616662821705709,Ola Aina,RB
108,27,0.34550263189376185,0.41383744326280436,0.4074074074074074,0.009757935379653991,0.06833481136904251,0.06190477551364554,0.32637707854964004,0.36462818523788365,Callum Hudson-Odoi,LW
18421,25,0.3451806936573512,0.3886033909475526,0.36,0.009209339552635632,0.04342269729020137,0.014819306342648775,0.3271303881341854,0.36323099918051704,Lucas Piton,LB
345,46,0.34510752307450554,0.31903170120930346,0.2826086956521739,0.0065451629544961915,-0.026075821865202076,-0.06249882742233165,0.332279003683693,0.35793604246531807,Jacob Murphy,RW
455,29,0.3432883627022866,0.37547262533846903,0.4482758620689655,0.007188102311481,0.03218426263618246,0.10498749936667895,0.3291996821717838,0.35737704323278935,Leandro Trossard,CF
4995,45,0.3430271735301745,0.3526525105230507,0.35555555555555557,0.00712676169813819,0.00962533699287621,0.01252838202538109,0.3290587206018236,0.35699562645852534,William,RB
16136,23,0.342294906088969,0.33172024266555233,0.17391304347826086,0.009427423262730439,-0.010574663423416675,-0.16838186261070814,0.3238171564940173,0.3607726556839207,Ayrton Lucas,LB
589,28,0.3414961004635449,0.34708256483294103,0.4642857142857143,0.008553634768809397,0.005586464369396138,0.12278961382216941,0.32473097631667847,0.3582612246104113,Neco Williams,LB
11129,31,0.3413491840362451,0.34846631065050915,0.3870967741935484,0.007150140142707705,0.007117126614264058,0.045747590157303286,0.327334909356538,0.3553634587159522,Yukinari Sugawara,RB
243,20,0.34089131108064563,0.33178139380864147,0.45,0.011459805168611118,-0.009109917272004164,0.10910868891935438,0.31843009295016783,0.36335252921112343,Morgan Gibbs-White,AM
4021,21,0.3406234159557507,0.313212000772016,0.19047619047619047,0.008299065628790993,-0.02741141518373469,-0.15014722547956022,0.32435724732332033,0.35688958458818104,Jérémy Doku,LW
13867,27,0.34057893991686405,0.2848462981672161,0.25925925925925924,0.010168169361530949,-0.055732641749647926,-0.08131968065760481,0.3206493279682634,0.3605085518654647,Bilal El Khannouss,AM
16150,36,0.34045849069457496,0.3045965327648279,0.25,0.007411394708083024,-0.03586195792974706,-0.09045849069457496,0.32593215706673223,0.3549848243224177,Keno,LW
4074,34,0.3402847861986271,0.346716887623955,0.35294117647058826,0.006895488847505336,0.006432101425327852,0.012656390271961138,0.32676962805751664,0.3537999443397376,Stephy Mavididi,LW
18029,25,0.3399851370272661,0.2890576937310163,0.24,0.008632739402747953,-0.05092744329624982,-0.09998513702726614,0.32306496779788013,0.3569053062566521,Sorriso,RW
11096,28,0.33809162414737104,0.37688747056233113,0.35714285714285715,0.008090284699737098,0.03879584641496009,0.01905123299548611,0.3222346661358863,0.3539485821588558,Savinho,LM
10704,27,0.3379581490939898,0.3687517800966175,0.37037037037037035,0.007892475623669851,0.03079363100262772,0.03241222127638055,0.3224888968715969,0.3534274013163827,Kaoru Mitoma,LW
18021,30,0.33761421908739364,0.27319763642220046,0.2,0.006708693337811197,-0.06441658266519318,-0.13761421908739363,0.3244651801452837,0.3507632580295036,Andrés Hurtado,RB
11095,27,0.33738701812667515,0.3673557455680659,0.3333333333333333,0.008778001552403051,0.02996872744139073,-0.0040536847933418385,0.3201821350839652,0.3545919011693851,Noni Madueke,LW
8031,28,0.33721693623905546,0.39719058150365166,0.5357142857142857,0.008486410653201175,0.0599736452645962,0.19849734947523023,0.3205835713587812,0.35385030111932975,Mohammed Kudus,RW
1516,29,0.3368535417632971,0.34398970750971974,0.3793103448275862,0.009362243076808684,0.007136165746422618,0.04245680306428906,0.3185035453327521,0.35520353819384215,Nelson Semedo,RWB
7192,29,0.3364080794688288,0.2825158080133002,0.20689655172413793,0.007460783747521119,-0.053892271455528606,-0.12951152774469085,0.3217849433236874,0.35103121561397016,Antoine Semenyo,RW
56,26,0.33491234890499033,0.2855196708365368,0.3076923076923077,0.00926305024760328,-0.049392678068453544,-0.027220041212682622,0.3167567704196879,0.35306792739029275,Mohamed Salah,RW
1973,74,0.33416453150275144,0.36188751460177593,0.3108108108108108,0.0036620524713690972,0.02772298309902449,-0.023353720691940638,0.326986908658868,0.3413421543466349,Antonee Robinson,LB
17934,21,0.3337002666226737,0.31930182106735433,0.38095238095238093,0.00797451800229699,-0.014398445555319384,0.04725211432970722,0.3180702113381716,0.34933032190717583,Daniel Borges,RB
126,29,0.33361244144247615,0.3596351680285274,0.1724137931034483,0.008069203373736655,0.02602272658605126,-0.16119864833902786,0.3177968028299523,0.349428080055,Aaron Wan-Bissaka,RB
16245,20,0.3330901201478965,0.38285324163367035,0.45,0.009690977402068783,0.04976312148577383,0.1169098798521035,0.3140958044398417,0.35208443585595134,Fabricio Bustos,RB
16175,29,0.3327962917748484,0.39892402726077447,0.3103448275862069,0.008314707930032797,0.0661277354859261,-0.022451464188641468,0.3164994642319841,0.34909311931771264,Tinga,RB
3084,30,0.3327619577444783,0.3538684913243287,0.3333333333333333,0.01056999241446809,0.021106533579850373,0.0005713755888550054,0.3120447726121208,0.3534791428768358,Yeferson Soteldo,LW
11128,46,0.33247862703522946,0.4160791451982507,0.41304347826086957,0.006908365728190229,0.08360051816302122,0.08056485122564011,0.3189382302079766,0.3460190238624823,Milos Kerkez,LB
210,22,0.3324466643528999,0.28189083269463705,0.22727272727272727,0.008168047658931676,-0.05055583165826283,-0.10517393708017261,0.3164372909413938,0.348456037764406,James Justin,RB
2364,21,0.3308054725228337,0.24841835739037355,0.19047619047619047,0.011208699850237234,-0.08238711513246016,-0.14032928204664324,0.30883642081636875,0.35277452422929867,Tomás Pochettino,AM
8378,27,0.33040167429369555,0.26949117811107226,0.25925925925925924,0.008239719272406217,-0.060910496182623286,-0.0711424150344363,0.31425182451977934,0.34655152406761175,Vitinho,LW
428,35,0.3295962426290997,0.2444022889036776,0.34285714285714286,0.006949640828912452,-0.0851939537254221,0.01326090022804316,0.3159749466044313,0.3432175386537681,Ismaïla Sarr,RW
4517,38,0.3270697022011946,0.24944682675858007,0.2631578947368421,0.007531671589943844,-0.07762287544261451,-0.06391180746435249,0.3123076258849046,0.34183177851748453,Dango Ouattara,LW
127,27,0.32631217580507865,0.2838358782992533,0.2962962962962963,0.009155727201391855,-0.04247629750582538,-0.030015879508782373,0.3083669504903506,0.3442574011198067,Diogo Dalot,RB
18020,35,0.3219112635208916,0.358840524892383,0.3142857142857143,0.008766356417294877,0.036929261371491384,-0.007625549235177331,0.30472920494299366,0.33909332209878956,Juninho Capixaba,LB
7663,27,0.3193682844355744,0.344978897654518,0.37037037037037035,0.00879683939006505,0.02561061321894359,0.05100208593479594,0.3021264792310469,0.3366100896401019,Ángel Romero,LW
18000,22,0.31861473095838355,0.2078023052821583,0.18181818181818182,0.013461854834066773,-0.11081242567622526,-0.13679654914020173,0.29222949548361266,0.34499996643315445,Vinícius,LW
274,27,0.3148399424415454,0.3011890475308428,0.25925925925925924,0.008879688257720912,-0.013650894910702593,-0.05558068318228615,0.29743575345641243,0.33224413142667836,Jarrod Bowen,CF
